scholar_id_autor_gs,scholar_id_gs_coauthor,nombre_coauthor,cargo
Uc0yu3EAAAAJ,1l57nMQAAAAJ,Jiaqian Qin,"Metallurgy and Materials Science Research Institute, Chulalongkorn University"
Uc0yu3EAAAAJ,vSRsxk4AAAAJ,Tuan K. A. Hoang,"Senior Researcher, Hydro-Québec Research Institute"
Uc0yu3EAAAAJ,XlulJR0AAAAJ,Professor Ir Ts Dr Pau-Loke Show,"Khalifa University, Abu Dhabi, UAE; University of Nottingham, Malaysia"
Uc0yu3EAAAAJ,awbKaREAAAAJ,Aishah Abdul Jalil,Professor Dr.
Uc0yu3EAAAAJ,ouWAEXAAAAAJ,Rabah Boukherroub,CNRS & University Lille1
Uc0yu3EAAAAJ,Z9D4CQgAAAAJ,Dionysios (Dion) D. Dionysiou,University of Cincinnati
Uc0yu3EAAAAJ,Ekm_G-0AAAAJ,Lalitha Gnanasekaran,"Universidad De Tarapaca, Arica, Chile"
oaqR2GoAAAAJ,t8hdQjYAAAAJ,Calogero M. Santoro,Universidad de Tarapaca
oaqR2GoAAAAJ,Ba79q50AAAAJ,Siân E. Halcrow,University of Otago
oaqR2GoAAAAJ,DexghF0AAAAJ,Jane E. Buikstra,"Professor of Bioarchaeology, School of Human Evolution and Social Change, Arizona State University"
oaqR2GoAAAAJ,3LFRpqYAAAAJ,M Thomas P Gilbert,University of Copenhagen
oaqR2GoAAAAJ,E_DHqIcAAAAJ,Felipe  Guhl,Universidad de los Andes  CIMPAT
oaqR2GoAAAAJ,B0JgDB4AAAAJ,Pablo A. Marquet,"Professor of Ecology, Pontificia Universidad Catolica de Chile & The Santa Fe Institute"
oaqR2GoAAAAJ,vuwDboYAAAAJ,Adauto Araujo,"Researcher, Escola Nacional de Saude Publica, Fundação Oswaldo Cruz"
oaqR2GoAAAAJ,Qu0U_LkAAAAJ,Iván Muñoz Ovalle,Universidad de Tarapacá
oaqR2GoAAAAJ,dTtnOeYAAAAJ,Jorge Yañez,University of Concepcion
oaqR2GoAAAAJ,rFmauuwAAAAJ,Marcela Sepulveda Retamal,Pontificia Universidad Católica de Chile
oaqR2GoAAAAJ,4fjf1H4AAAAJ,Sam Byrne,Asst. Professor: Middlebury College
oaqR2GoAAAAJ,UA5erHEAAAAJ,Francisco Rothhammer,"Professor of Population Genetics, University of Tarapaca and University of Chile"
t8hdQjYAAAAJ,my-JKiQAAAAJ,Claudio Latorre,"Professor, Departamento de Ecología, Pontificia Universidad Católica de Chile"
t8hdQjYAAAAJ,HPpN_m8AAAAJ,Daniela Valenzuela,Full Professor at Universidad de Tarapacá; Adjunct Graduate Faculty Member at Trent University
t8hdQjYAAAAJ,B0JgDB4AAAAJ,Pablo A. Marquet,"Professor of Ecology, Pontificia Universidad Catolica de Chile & The Santa Fe Institute"
t8hdQjYAAAAJ,rFmauuwAAAAJ,Marcela Sepulveda Retamal,Pontificia Universidad Católica de Chile
t8hdQjYAAAAJ,_eK_f0UAAAAJ,Donald Jackson,"Departamento Antropología, Universidad de Chile"
t8hdQjYAAAAJ,qwmY4R4AAAAJ,Jorge Hidalgo Lehuedé,"Profesor, Departamento de Ciencias Históricas, Universidad de Chile"
ATFF7ikAAAAJ,OSSLHcAAAAAJ,Emilio Rodríguez Ponce,Profesor Titular - Universidad de Tarapacá (Chile)
ATFF7ikAAAAJ,FgEMtxQAAAAJ,Liliana Pedraja Rejas,Profesora Titular Universidad de Tarapaca
ATFF7ikAAAAJ,TX3te0QAAAAJ,Jose Joaquin BRUNNER,"Professor,  Sociology of Education. UNESCO Chair, Universidad Diego Portales, Chile"
ATFF7ikAAAAJ,8yWzaaAAAAAJ,Nancy Alarcon Henríquez,Universidad de Los Lagos
ATFF7ikAAAAJ,b6DDNIoAAAAJ,Patricio Viancos González,Universidad de Tarapacá
ATFF7ikAAAAJ,xoykbToAAAAJ,Wendolin Suarez-Amaya,Universidad Tecnológica Metropolitana
ATFF7ikAAAAJ,GF_IzmgAAAAJ,Adolfo Ignacio Calderón,Professor titular  do Programa de Pós-graduação em Educação da PUC-Campinas
OSSLHcAAAAAJ,FgEMtxQAAAAJ,Liliana Pedraja Rejas,Profesora Titular Universidad de Tarapaca
OSSLHcAAAAAJ,zak53CYAAAAJ,Juan Jesus Rodriguez,"Staff Profesional, Universidad de Tarapacá"
OSSLHcAAAAAJ,ATFF7ikAAAAJ,Francisco Ganga Contreras,Universidad de Tarapacá
OSSLHcAAAAAJ,_mR2Ky8AAAAJ,carmen araneda guirriman,Universidad de Tarapacá
OSSLHcAAAAAJ,OjP1gWgAAAAJ,Nicolas Fleet,"Departamento de Sociología, Universidad Alberto Hurtado"
OSSLHcAAAAAJ,hp4_Yu0AAAAJ,Andres Bernasconi,"Facultad de Educación, Pontificia Universidad Católica de Chile"
OSSLHcAAAAAJ,v4UCYN8AAAAJ,Hector Gaete-Feres,Universidad del Bío-Bío
9SvW7BUAAAAJ,0CDmtxAAAAAJ,Noel McGinn,"Professor Emeritus, Harvard University Graduate School of Education"
9SvW7BUAAAAJ,WQESPTMAAAAJ,Eduardo Santa Cruz Grau,Universidad Bernardo O' Higgins
9SvW7BUAAAAJ,DXDfvwMAAAAJ,Gustavo Gregorutti,Andrews University 
9SvW7BUAAAAJ,9oV68QsAAAAJ,Maria Jacqueline Rojas Rios,"académica, Universidad de Playa Ancha"
9SvW7BUAAAAJ,s5zIVz8AAAAJ,Maria Luisa Granda,Escuela Superior Politecnica del Litoral
9SvW7BUAAAAJ,aoKFzKgAAAAJ,José Sánchez-Santamaría (Orcid: 000...,Associated Professor. GRIOCE. Universidad de Castilla-La Mancha
9SvW7BUAAAAJ,OSSLHcAAAAAJ,Emilio Rodríguez Ponce,Profesor Titular - Universidad de Tarapacá (Chile)
9SvW7BUAAAAJ,sjPGq8UAAAAJ,César Tello,Profesor
9SvW7BUAAAAJ,g6LidUcAAAAJ,Boris A. López,"Departamento de Acuicultura y Recursos Agroalimentarios, Universidad de Los Lagos"
9SvW7BUAAAAJ,_dGhO2MAAAAJ,Jorge Gorostiaga,Universidad Nacional de San Martín - CONICET
9SvW7BUAAAAJ,NXWX-aYAAAAJ,Eugenio Rivera Urrutia,Fundación Chile 21
9SvW7BUAAAAJ,I7qlRKMAAAAJ,silvia sarzoza,Universidad de Playa Ancha
9SvW7BUAAAAJ,gUQTwWQAAAAJ,Jefferson Mainardes,Universidade Estadual de Ponta Grossa
FgEMtxQAAAAJ,OSSLHcAAAAAJ,Emilio Rodríguez Ponce,Profesor Titular - Universidad de Tarapacá (Chile)
FgEMtxQAAAAJ,ATFF7ikAAAAJ,Francisco Ganga Contreras,Universidad de Tarapacá
FgEMtxQAAAAJ,OjP1gWgAAAAJ,Nicolas Fleet,"Departamento de Sociología, Universidad Alberto Hurtado"
FgEMtxQAAAAJ,hp4_Yu0AAAAJ,Andres Bernasconi,"Facultad de Educación, Pontificia Universidad Católica de Chile"
p86gQo0AAAAJ,NcYc-y0AAAAJ,María Fernanda Stang,"Centro de Investigación en Ciencias Sociales y Juventud (CISJU), Universidad Silva …"
p86gQo0AAAAJ,HBNt2d8AAAAJ,Menara Guizardi,Instituto de Altos Estudios Sociales - Universidad Nacional de San Martín (Argentina) y …
p86gQo0AAAAJ,3xvKfmYAAAAJ,Herminia Gonzálvez Torralbo,Académica e Investigadora Universidad Central de Chile
p86gQo0AAAAJ,YmRgHnwAAAAJ,Andrea  Riedemann Fuentes,Académica de la Universidad Central
p86gQo0AAAAJ,AOqp3aQAAAAJ,Macarena Bonhomme,"Assistant Professor, Universidad Autónoma de Chile. Investigadora Adjunta COES. PhD in …"
p86gQo0AAAAJ,4q7IDBMAAAAJ,Carolina Ramirez,"Centro de Investigación Social y Juventud (CISJU), Universidad Católica Silva Henríquez"
p86gQo0AAAAJ,ATKDiHsAAAAJ,Bela Feldman-Bianco,"Professora de Antropologia, UNICAMP"
p86gQo0AAAAJ,cKOW8IEAAAAJ,Javier Corvalán,Universidad Alberto Hurtado
p86gQo0AAAAJ,0Uh71HwAAAAJ,Eleonora López Contreras,"Profesora Paradígmas Sociológicos, Pontificia Univesidad Católica de Chile"
p86gQo0AAAAJ,VHq1JT8AAAAJ,Alice Blukacz,PROESSA Universidad del Desarrollo. Chile
p86gQo0AAAAJ,yQQSbZ0AAAAJ,Baltica Cabieses,Prof. Social Epidemiology (UDD); Visiting scholar (UoYork); Board member Lancet Migration …
p86gQo0AAAAJ,FJPZ-FMAAAAJ,Maria Teresa Rojas Fabris,Académica Universidad Alberto Hurtado
p86gQo0AAAAJ,t4S0QNMAAAAJ,Carol Chan,University of Hong Kong
p86gQo0AAAAJ,h_eQpcAAAAAJ,Francisca Márquez Belloni,Universidad Alberto Hurtado
p86gQo0AAAAJ,smN3oyMAAAAJ,ALEXANDRA OBACH,"Profesora asociada, Universidad del Desarrollo"
p86gQo0AAAAJ,0PI5qSEAAAAJ,Alejandra Carreño C.,"PROGRAMA ESTUDIOS SOCIALES EN SALUD, UDD"
p86gQo0AAAAJ,6vlY1ugAAAAJ,Andrea Avaria,Universidad Autónoma de Chile
p86gQo0AAAAJ,lKLort4AAAAJ,Lorena Núñez Carrasco,University of the Witwatersrand
p86gQo0AAAAJ,C1JXrV8AAAAJ,M.Beatriz Fernández,Universidad de Chile
p86gQo0AAAAJ,6g8y44oAAAAJ,Pablo Andrés Astudillo Lizama,"Profesor Departamento de Política Educativa, Universidad Alberto Hurtado"
p86gQo0AAAAJ,COZ6-VIAAAAJ,Paulo Salinas Pérez,Pontificia Universidad Católica de Valparaíso
p86gQo0AAAAJ,agqX9ugAAAAJ,Walter Alejandro Imilan,Universidad Central de Chile
p86gQo0AAAAJ,cX9G2roAAAAJ,Carol Chan,Universidad Mayor
p86gQo0AAAAJ,qWjxAxEAAAAJ,Isabel Rada,Universidad del Desarrollo
p86gQo0AAAAJ,kUE-_LkAAAAJ,Claudia Pérez Manríquez,Universidad de Concepcion
p86gQo0AAAAJ,u-RYOzYAAAAJ,Matías Jaramillo,Estudiante de Doctorado en Ciencias Sociales (U. de Chile) y en Sociología (U. Autónoma …
p86gQo0AAAAJ,0EevLD4AAAAJ,Aline Bravo Sandoval,Universidad de Chile
p86gQo0AAAAJ,pf5KwgYAAAAJ,Gioconda Herrera Mosquera,Facultad Latinoamericana de Ciencias Sociales
p86gQo0AAAAJ,64rifYwAAAAJ,Yasna Contreras Gatica,"Profesora Asociada Departamento de Geografía, Universidad de Chile"
p86gQo0AAAAJ,SkeNfL8AAAAJ,Marcela Tapia Ladino,"Profesora Titular, Directora del Doctorado en Estudios Transfronterizos del Instituto de …"
p86gQo0AAAAJ,r1sPtZoAAAAJ,Myrian Carbajal,University of Applied Sciences and Arts Western Switzerland (HES-SO) School of Social …
p86gQo0AAAAJ,COo9P7AAAAAJ,Robin Cavagnoud,Profesor en el Departamento de Ciencias Sociales de la Pontificia Universidad Católica del …
TKDdBTkAAAAJ,dDBPR9AAAAAJ,Laura Milena Pérez,"Assistant Professor of Physics, Universidad de Tarapacá"
TKDdBTkAAAAJ,bA6mE9MAAAAJ,Manuk Barseghyan,"National University of Architecture and Construction of Armenia, Yerevan State University"
TKDdBTkAAAAJ,qU_2KEkAAAAJ,Jean Bragard,Physics and Applied Mathematics Department and Institute of Data Science and Artificial …
TKDdBTkAAAAJ,mYWIQd4AAAAJ,Patricio Vargas,"Professor of Theoretical Physics, Universidad Tecnica Federico Santa Maria"
TKDdBTkAAAAJ,x9W7ZgoAAAAJ,E. Feddi,"Group of Optoelectronic of Semiconductors and Nanomaterials, ENSAM, Mohammed V …"
TKDdBTkAAAAJ,UQtDu7oAAAAJ,Albert Kirakosyan,Yerevan State University
TKDdBTkAAAAJ,9eI25jMAAAAJ,Marcel G. Clerc,"Professor of Physics, FCFM, Department of Physics, University of Chile"
TKDdBTkAAAAJ,BJhK_mgAAAAJ,Dora Altbir,"Physics Department, Universidad de Santiago de Chile"
TKDdBTkAAAAJ,lb_Fa7AAAAAJ,Senior Prof. PG Siddheshwar,CHRIST(Deemed to be University)
TKDdBTkAAAAJ,sY4n2tEAAAAJ,Saliya Coulibaly,"Laboratoire de Physique des Lasers, atomes et molecules, Université de Lille"
TKDdBTkAAAAJ,XA6-FnEAAAAJ,Henrikh Baghramyan,"Center of Biomolecular Nanotechnologies, Istituto Italiano di Tecnologia"
TKDdBTkAAAAJ,qRJsLXQAAAAJ,Mohamed EL-YADRI,"Professor of Physics, ENSET, Mohammed V University in Rabat"
TKDdBTkAAAAJ,5mr3c-4AAAAJ,Anton Tiutiunnyk,Universidad de Tarapacá
TKDdBTkAAAAJ,IDZbDcAAAAAJ,Omar Suarez Tamara,Universidad de Sucre
TKDdBTkAAAAJ,Wjgm2E8AAAAJ,Miguel Eduardo Mora-Ramos,Centro de Investigación en Ciencias. Universidad Autónoma del Estado de Morelos …
TKDdBTkAAAAJ,kMUmRF4AAAAJ,"Mancini, Héctor L.","Profesor  Emérito, Universidad de Navarra. Spain"
TKDdBTkAAAAJ,efmeMrkAAAAJ,Aram Manaselyan,"Department of Solid State Physics, Yerevan State University"
TKDdBTkAAAAJ,Y7iDtdMAAAAJ,Jason Alfredo Carlson Gallas,"Instituto de Altos Estudos da Paraíba, Joao Pessoa, Brazil"
TKDdBTkAAAAJ,AQGsfCIAAAAJ,Juan Escrig,Departamento de Física de la Universidad de Santiago de Chile
TKDdBTkAAAAJ,_UkQ7B8AAAAJ,Marcelo Knobel,"Professor, Instituto de Física Gleb Wataghin, Universidade Estadual de Campinas (Unicamp …"
TKDdBTkAAAAJ,3FjEq3cAAAAJ,David Becerra Alonso,Universidad Loyola Andalucía
TKDdBTkAAAAJ,v_u2SesAAAAJ,Pedro Landeros,"Departamento de Física, Universidad Técnica Federico Santa María, Chile"
TKDdBTkAAAAJ,-zgxVEUAAAAJ,Boris Malomed,Tel Aviv University
TKDdBTkAAAAJ,V2Ks-voAAAAJ,Alejandro O. Leon,Associate Professor at Universidad Tecnológica Metropolitana (UTEM)
TKDdBTkAAAAJ,YooCutoAAAAJ,Diego Salazar-Aravena,Investigador Asociado UTA
TKDdBTkAAAAJ,gGrMkcYAAAAJ,Tapash Chakraborty,"Canada Research Chair, University of Manitoba, Winnipeg, Canada"
TKDdBTkAAAAJ,EaE3nmAAAAAJ,Jairo Humberto Marin Cadavid,Universidad Nacional de Colombia
TKDdBTkAAAAJ,ZRdkr0cAAAAJ,René Rojas Cortés,"Instituto de Física, Pontificia Universidad Católica de Valparaíso"
TKDdBTkAAAAJ,LphcJRUAAAAJ,Alvaro S.  Nunez,Universidad de Chile
TKDdBTkAAAAJ,gQGZILQAAAAJ,Tomas P. Corrales,Universidad Tecnica Federico Santa Maria
gZJwoscAAAAJ,95XWzKgAAAAJ,Cristian Ovando Santana,"Universidad de Tarapacá, Dpto. de Ciencias Sociales."
vOfS1hAAAAAJ,ZJZKGSEAAAAJ,Constanza Veloso,"Universidad de Tarapacá, Departamento de Psicología"
vOfS1hAAAAAJ,yfLUuq0AAAAJ,FRANCISCO GIL RODRIGUEZ,
vOfS1hAAAAAJ,LRMHm2QAAAAJ,Lorena Gallardo Peralta,"Profesora e investigadora, Facultad de Trabajo Social, Universidad Complutense de Madrid"
vOfS1hAAAAAJ,OSSLHcAAAAAJ,Emilio Rodríguez Ponce,Profesor Titular - Universidad de Tarapacá (Chile)
vOfS1hAAAAAJ,xu1R9IcAAAAJ,Alejandra Caqueo-Urízar,Universidad de Tarapacá
vOfS1hAAAAAJ,FgEMtxQAAAAJ,Liliana Pedraja Rejas,Profesora Titular Universidad de Tarapaca
vOfS1hAAAAAJ,dZLDy9QAAAAJ,Fernando Martinez,"University of Hawaii at Manoa, SOEST, HIGP"
zak53CYAAAAJ,OSSLHcAAAAAJ,Emilio Rodríguez Ponce,Profesor Titular - Universidad de Tarapacá (Chile)
ZJZKGSEAAAAJ,vOfS1hAAAAAJ,Alejandro Cuadra,Universidad de Tarapaca
ZJZKGSEAAAAJ,yfLUuq0AAAAJ,FRANCISCO GIL RODRIGUEZ,
ZJZKGSEAAAAJ,LRMHm2QAAAAJ,Lorena Gallardo Peralta,"Profesora e investigadora, Facultad de Trabajo Social, Universidad Complutense de Madrid"
3nFdmAsAAAAJ,Daftso8AAAAJ,RAUL  BUSTOS GONZALEZ,Universidad de Tarapacá
LQU8XfEAAAAJ,OpI95RgAAAAJ,Beatriz Bustos-Gallardo,"Departmento de Geografía, Universidad de Chile"
LQU8XfEAAAAJ,Fxs9GdQAAAAJ,Carl J Bauer,University of Arizona
LQU8XfEAAAAJ,MTVLBZgAAAAJ,Matías Calderón Seguel,Universidad de Tarapacá
LQU8XfEAAAAJ,97AGZCAAAAAJ,Karina Yager,"Assistant Professor, Stony Brook University"
LQU8XfEAAAAJ,tT_v9m8AAAAJ,Oliver Meseguer-Ruiz,"Associate Professor, Universidad de Tarapacá"
LQU8XfEAAAAJ,3GqFm04AAAAJ,David Tecklin,"Research Associate, Universidad Austral de Chile"
LQU8XfEAAAAJ,wAI44I0AAAAJ,Maria Christina Fragkou,"Department of Geography, Universidad de Chile"
LQU8XfEAAAAJ,g76Pn5kAAAAJ,Jonathan R. Barton,"Institute of Geography, Institute for Sustainable Development & CEDEUS, UC Chile"
LQU8XfEAAAAJ,-Fwq7n8AAAAJ,Fernanda Kalazich,Universidad Catolica del Norte
LQU8XfEAAAAJ,k3AWDt0AAAAJ,Gavin Bridge,"Professor of Economic Geography, Durham University, UK"
LQU8XfEAAAAJ,-fcvR44AAAAJ,Manuel Méndez,Pontificia Universidad Católica de Valparaíso
LQU8XfEAAAAJ,eDdSQa4AAAAJ,Rodrigo Fuster,Universidad de Chile
LQU8XfEAAAAJ,7rBD0TkAAAAJ,Sally Babidge,"Anthropology, the University of Queensland"
LQU8XfEAAAAJ,j1uFR-gAAAAJ,Pablo Sarricolea,"Profesor Asociado. Departamento de Geografía, Universidad de Chile"
LQU8XfEAAAAJ,965eSsMAAAAJ,HELENE RISOR,
LQU8XfEAAAAJ,NIKur7IAAAAJ,Nancy Postero,"Professor, Anthropology, UC San Diego"
LQU8XfEAAAAJ,CnG5Gt4AAAAJ,Xurxo Ayán Vila,Universidad del País Vasco
LQU8XfEAAAAJ,CybRYAsAAAAJ,Dr. Priscilla Álamos-Concha,Assistant Professor of Qualitative Empirical Methods at Radboud University
LQU8XfEAAAAJ,Ex-RVDwAAAAJ,Damir Galaz-Mandakovic,"Universidad de Tarapacá, Chile"
LQU8XfEAAAAJ,aWIcOjAAAAAJ,OSCAR  CORVACHO-GANAHIN,University of Tarapacá (UTA)
LQU8XfEAAAAJ,4LWddWsAAAAJ,Marcela Palomino-Schalscha,Victoria University of Wellington
LQU8XfEAAAAJ,HPiUBjkAAAAJ,Ana M Garcia-Cegarra,"PhD, Instituto de Ciencias Naturales Alexander von Humboldt, Facultad de Ciencias del Mar …"
LQU8XfEAAAAJ,VDRtz4YAAAAJ,Francisca Vergara-Pinto,"Humanitarian and Conflict Response Institute, The University of Manchester"
LQU8XfEAAAAJ,M8nKWygAAAAJ,Leonardo Campos Valdés,
LQU8XfEAAAAJ,7zkAyN0AAAAJ,Jeremy Anbleyth-Evans,University of Aberdeen
LQU8XfEAAAAJ,0XZRMX8AAAAJ,Hector Pizarro,"Researcher - Exploration Geologist, LMI - COPEDIM"
LQU8XfEAAAAJ,K4H3I5kAAAAJ,Rodrigo Castillo,Universidad Católica del Norte
LQU8XfEAAAAJ,7pmAvMAAAAAJ,Pablo Pérez-Portilla,Estudiante de doctorado mención Geología
LQU8XfEAAAAJ,OvHuU0kAAAAJ,Ignacio Núñez-Hidalgo,Phd (c). Biological Sciences
LQU8XfEAAAAJ,IQbul0kAAAAJ,Roberto Serrano-Notivoli,"Dept. of Geography and Regional Planning, University of Zaragoza"
LQU8XfEAAAAJ,n8Q26G8AAAAJ,Matias Olea,Potificia Universidad Católica de Valparaíso
LQU8XfEAAAAJ,cl7ccZQAAAAJ,Roberto O. Chávez,"Laboratorio de Geo-información y percepción remota, Instituto de Geografía, PUCV, Chile"
LQU8XfEAAAAJ,GWOZfrIAAAAJ,José A. Lastra,Pontificia Universidad Católica de Valparaíso
LQU8XfEAAAAJ,CDUNazoAAAAJ,Jacob C. Miller,Northumbria University
LQU8XfEAAAAJ,TRCd6wMAAAAJ,CLAUDIA  MATUS,"Directora Centro de Justicia Educacional, Profesora Titular  Pontificia Universidad Católica …"
LQU8XfEAAAAJ,lIJOeJsAAAAJ,PABLO HERRAZ,Pontificia Universidad Católica de Chile
LQU8XfEAAAAJ,4JOXG_AAAAAJ,Millarca Valenzuela,Universidad Católica del Norte / CATA / MAS
HPpN_m8AAAAJ,t8hdQjYAAAAJ,Calogero M. Santoro,Universidad de Tarapaca
HPpN_m8AAAAJ,TjTeeVwAAAAJ,Eugenia Gayo H.,"Universidad de Chile, Departamento de Geografía"
HPpN_m8AAAAJ,T5t_UsYAAAAJ,José M. Capriles,Associate Professor at The Pennsylvania State University
HPpN_m8AAAAJ,rFmauuwAAAAJ,Marcela Sepulveda Retamal,Pontificia Universidad Católica de Chile
HPpN_m8AAAAJ,my-JKiQAAAAJ,Claudio Latorre,"Professor, Departamento de Ecología, Pontificia Universidad Católica de Chile"
HPpN_m8AAAAJ,B0JgDB4AAAAJ,Pablo A. Marquet,"Professor of Ecology, Pontificia Universidad Catolica de Chile & The Santa Fe Institute"
HPpN_m8AAAAJ,1E48BeUAAAAJ,VIRGINIA MCROSTIE BUSTAMANTE,Pontificia Universidad Católica de Chile
HPpN_m8AAAAJ,o19cEOwAAAAJ,Maria Eugenia de Porras,IANIGLA - CCT CONICET Mendoza
HPpN_m8AAAAJ,uPQmef4AAAAJ,Antonio Maldonado,CEAZA
HPpN_m8AAAAJ,6UAeoAwAAAAJ,Paula Carolina Ugalde,The University of Arizona
HPpN_m8AAAAJ,0Am9sKcAAAAJ,Adrián Oyaneder,University of Exeter
HPpN_m8AAAAJ,E1PNQNMAAAAJ,Paul Szpak,"Canada Research Chair and Associate Professor, Trent University"
HPpN_m8AAAAJ,e17v2JoAAAAJ,Jeff Speakman,
tT_v9m8AAAAJ,j1uFR-gAAAAJ,Pablo Sarricolea,"Profesor Asociado. Departamento de Geografía, Universidad de Chile"
tT_v9m8AAAAJ,IQbul0kAAAAJ,Roberto Serrano-Notivoli,"Dept. of Geography and Regional Planning, University of Zaragoza"
tT_v9m8AAAAJ,2wkYDOYAAAAJ,Jose A. Guijarro,"Meteorological State Agency (AEMET), Spain"
tT_v9m8AAAAJ,JjRGvSkAAAAJ,Martín de Luis (ORCID: 0000-0002-75...,Department of Geography and Regional Planning. University of Zaragoza
tT_v9m8AAAAJ,QEL8DQoAAAAJ,Santiago Beguería,"Estación Experimental de Aula Dei, Consejo Superior de Investigaciones Científicas (EEAD–CSIC)"
tT_v9m8AAAAJ,1-DAyNwAAAAJ,LUIS ALBERTO LONGARES ALADREN,Universidad de Zaragoza
tT_v9m8AAAAJ,ajtwafQAAAAJ,María José Estrela,Profesora de Geografía (UV)
tT_v9m8AAAAJ,_jEE_zgAAAAJ,Mathias Vuille,"Professor, Atmospheric and Environmental Sciences, University at Albany"
tT_v9m8AAAAJ,N4_4OY8AAAAJ,Flavio Justino,Universidade Federal de Viçosa
tT_v9m8AAAAJ,cTW2ap8AAAAJ,Alfonso Fernández,Universidad de Concepción
tT_v9m8AAAAJ,DZ1IIrgAAAAJ,Daniel Althoff,"Geo-analytics Research & Development, Cargill"
tT_v9m8AAAAJ,dL76790AAAAJ,Vanúcia Schumacher,National Institute for Space Research
tT_v9m8AAAAJ,_jZ6S0UAAAAJ,Francisco de la Barrera,Fac. Ciencias Ambientales (Eula) - Universidad de Concepción & CEDEUS
tT_v9m8AAAAJ,bsF3AMwAAAAJ,Nicola Cortesi,Barcelona Supercomputing Center
tT_v9m8AAAAJ,Pt6ox7kAAAAJ,Timothy Osborn,University of East Anglia
tT_v9m8AAAAJ,4Hme0r8AAAAJ,Philip Jones,University of East Anglia
GmwPnicAAAAJ,w1tHcj4AAAAJ,Wilmar Schaufeli,Professor of Work and Organizational Pschology
GmwPnicAAAAJ,HW1V6J8AAAAJ,Marisa Salanova,"Full professor in Work & Organizational Psychology (Universitat Jaume I, Spain)"
GmwPnicAAAAJ,6WkZ67wAAAAJ,Rodrigo Ferrer Urbina,"Escuela de Psicología y Filosofía, Universidad de Tarapacá"
GmwPnicAAAAJ,bTWajA4AAAAJ,MARISOL NAVAS LUQUE,Universidad de Almeria
GmwPnicAAAAJ,VooPYqcAAAAJ,Isabel María Martínez Martínez,Universitat Jaume I
GmwPnicAAAAJ,TYlDMrEAAAAJ,Carolyn Youssef-Morgan,"Redding Endowed Chair of Business, Bellevue University"
nlEleXoAAAAJ,4nR1_6YAAAAJ,E Vano,Complutense University Madrid
nlEleXoAAAAJ,apsrhYgAAAAJ,Fernando Leyton,"Instituto do Câncer do Estado de São Paulo. Profesor Universidad Diego Portales, investigador"
nlEleXoAAAAJ,9ZJLPSYAAAAJ,Maria do Socorro Nogueira,"Pesquisadora, Centro de Desenvolvimento da Tecnologia Nuclear"
nlEleXoAAAAJ,iT-nWsoAAAAJ,Roberto M Sánchez,Hospital Cínico San Carlos and Universidad Complutense de Madrid
nlEleXoAAAAJ,N4RNTjEAAAAJ,Madan M Rehani,Massachusetts General Hospital
L__H0V4AAAAJ,UFc2S58AAAAJ,Toro E. F.,"Professor of Mathematics, University of Trento, Italy"
L__H0V4AAAAJ,bHbhJRgAAAAJ,Christian Pelties,LMU Munich
L__H0V4AAAAJ,64wd8UgAAAAJ,Bok Jik Lee,Seoul National University
L__H0V4AAAAJ,rUcR9YgAAAAJ,Jörn Behrens,"Professor for numerical methods in geosciences, University of Hamburg"
L__H0V4AAAAJ,OKi8_J8AAAAJ,Gino I. Montecinos,Departamento de Ingeniería Matemática- Universidad de La Frontera
L__H0V4AAAAJ,-o1YLuEAAAAJ,Nikolaos Nikiforakis,"Cavendish Laboratory, Department of Physics, University of Cambridge"
L__H0V4AAAAJ,zrdfFyMAAAAJ,Edmundo Lazo,"Departamento de Física, Facultad de Ciencias, Universidad de Tarapacá"
L__H0V4AAAAJ,SbtukL0AAAAJ,Josep de la Puente,"Geophysical Applications Group Leader, CASE - Barcelona Supecomputing Center (BSC)"
NXxMAukAAAAJ,rFmauuwAAAAJ,Marcela Sepulveda Retamal,Pontificia Universidad Católica de Chile
NXxMAukAAAAJ,JLSfgBEAAAAJ,Juan Sebastián Gómez Jeria,"Dr. en Fisicoquímica Molecular, Universodad de Chile"
NXxMAukAAAAJ,FD40SMIAAAAJ,MAGDALENA Pereira,"Facultad Artes Liberales, Universidad Adolfo Ibáñez"
NXxMAukAAAAJ,fpFQ7jQAAAAJ,Gabriela Siracusano,CONICET/Centro MATERIA-IIAC UNTREF
NXxMAukAAAAJ,tPE2Qi8AAAAJ,Edgar Casanova González,Laboratorio Nacional de Ciencias para la Investigación y Conservación del Patrimonio Cultural
NXxMAukAAAAJ,N5yszYgAAAAJ,Andres Troncoso,"Department of Anthropology, Universidad de Chile"
NXxMAukAAAAJ,mkAjAAwAAAAJ,MANUEL BRANES,Adjunct Professor Faculty of Sciences University of Chile
NXxMAukAAAAJ,MwKtS90AAAAJ,Jose Luis Ruvalcaba Sil,"Instituto de Fisica, UNAM"
NXxMAukAAAAJ,tcfZze0AAAAJ,Eugenia Tomasini,CONICET - Centro MATERIA
95XWzKgAAAAJ,gZJwoscAAAAJ,Sergio gonzález Miranda,"Universidad de Tarapacá, profesor titular"
95XWzKgAAAAJ,sC-GIj8AAAAJ,Gonzalo Alvarez Fuentes,"Investigador, Instituto de Estudios Internacionales, Universidad Arturo Prat"
95XWzKgAAAAJ,SkeNfL8AAAAJ,Marcela Tapia Ladino,"Profesora Titular, Directora del Doctorado en Estudios Transfronterizos del Instituto de Estudios"
95XWzKgAAAAJ,3im-SeIAAAAJ,Alejandro Corder Tapia,"Investigador, Universidad Arturo Prat, Chile"
95XWzKgAAAAJ,4_OuL30AAAAJ,Sergio González Pizarro,Universidad de Tarapacá
95XWzKgAAAAJ,26ZJSbAAAAAJ,Cesar Ross,"Investigador, Instituto de Estudios Avanzados, USACH"
95XWzKgAAAAJ,He4a1y8AAAAJ,Carlos Piñones Rivera,"Universidad de Tarapacá, Chile. Departamento de Ciencias Sociales, Iquique"
658IkykAAAAJ,ItSThYIAAAAJ,Leonelo Iturriaga,Universidad Técnica Federico Santa María
658IkykAAAAJ,lsgiTBQAAAAJ,Jose Luiz Boldrini,"Researcher of Mathematics, State University of Campinas, Brazil"
658IkykAAAAJ,QCftYzYAAAAJ,Eugenio Massa,Institudo de ciências matemáticas e de computação - Universidade de São Paulo
658IkykAAAAJ,fipKUUoAAAAJ,Rafael Benguria,"Professor of Physics, Pontificia Universidad Catolica de Chile"
658IkykAAAAJ,ZZnTATwAAAAJ,Bernhard Ruf,"Professore di Matematica, Universita' di Milano"
658IkykAAAAJ,rFmauuwAAAAJ,Marcela Sepulveda Retamal,Pontificia Universidad Católica de Chile
658IkykAAAAJ,Th2-4-sAAAAJ,Hugo A Benítez,Universidad Católica del Maule
hZTCQecAAAAJ,krCnGoQAAAAJ,Dave Ward,"Senior Lecturer in Philosophy, University of Edinburgh"
hZTCQecAAAAJ,VqV6d30AAAAJ,Joe Dewhurst,Ludwig-Maximilians-Universität München
hZTCQecAAAAJ,GZa7MpcAAAAJ,David Silverman,-
hZTCQecAAAAJ,kkdVO0YAAAAJ,Pablo Razeto-Barry,Instituto de Filosofía y Ciencias de la Complejidad
hZTCQecAAAAJ,8KgjNFUAAAAJ,Ekaterina Sangati,Okinawa Institute of Science and Technology
6ULOSnUAAAAJ,9mWsubcAAAAJ,Yiniva Camargo Caicedo,Universidad Magdalena
6ULOSnUAAAAJ,ne4et9QAAAAJ,Angélica Patricia Garrido Galindo,Universidad del Magdalena
6ULOSnUAAAAJ,mB3U1ZMAAAAJ,C. De Linares Fernandez,Profesor Contratado Doctor (UGR)
6ULOSnUAAAAJ,Z6-hC18AAAAJ,Jordina Belmonte Soler,Universitat Autònoma de Barcelona
6ULOSnUAAAAJ,PTrlC5sAAAAJ,Eliana Vergara,Universidad del Magdalena
6ULOSnUAAAAJ,CTYpGKYAAAAJ,Rosario Delgado,Universitat Autònoma de Barcelona
6ULOSnUAAAAJ,0hdNCgMAAAAJ,Orlando M. Viloria Marimón,University of Georgia
6ULOSnUAAAAJ,rMvQeLcAAAAJ,"Tomás, Bolaño-Ortiz",Universidad Técnica Federico Santa María
dDBPR9AAAAAJ,TKDdBTkAAAAJ,David Laroze,"Professor of Physics, Universidad de Tarapacá"
dDBPR9AAAAAJ,x9W7ZgoAAAAJ,E. Feddi,"Group of Optoelectronic of Semiconductors and Nanomaterials, ENSAM, Mohammed V …"
dDBPR9AAAAAJ,qRJsLXQAAAAJ,Mohamed EL-YADRI,"Professor of Physics, ENSET, Mohammed V University in Rabat"
dDBPR9AAAAAJ,BNSTRqIAAAAJ,Mohamed KRIA,"Laboratory of Condensed Matter and Interdisciplinary Sciences (LaMCScI), Faculty of …"
dDBPR9AAAAAJ,UA6ymM4AAAAJ,Javier Martinez,"Professor, P. Universidad Católica de Valparaiso"
dDBPR9AAAAAJ,qU_2KEkAAAAJ,Jean Bragard,Physics and Applied Mathematics Department and Institute of Data Science and Artificial …
dDBPR9AAAAAJ,kMUmRF4AAAAJ,"Mancini, Héctor L.","Profesor  Emérito, Universidad de Navarra. Spain"
dDBPR9AAAAAJ,hGx96ocAAAAJ,Maykel Courel Piedrahita,CUValles - University of Guadalajara
dDBPR9AAAAAJ,bA6mE9MAAAAJ,Manuk Barseghyan,"National University of Architecture and Construction of Armenia, Yerevan State University"
dDBPR9AAAAAJ,pXnBSl8AAAAJ,F. DUJARDIN,Professeur Emérite Université de Lorraine
dDBPR9AAAAAJ,LHVhf1cAAAAJ,V.Prasad,"department of physics, swami shraddhanand college, university of delhi"
dDBPR9AAAAAJ,IDZbDcAAAAAJ,Omar Suarez Tamara,Universidad de Sucre
dDBPR9AAAAAJ,5mr3c-4AAAAJ,Anton Tiutiunnyk,Universidad de Tarapacá
dDBPR9AAAAAJ,Wfqq8CgAAAAJ,US Mahabaleshwar,"Professor  of Mathematics, Davangere University,India"
dDBPR9AAAAAJ,-3R6EmMAAAAJ,Fatih Ungan,"Sivas Cumhuriyet University, Faculty of Science, Department of Physics, Sivas/Turkey"
dDBPR9AAAAAJ,Wjgm2E8AAAAJ,Miguel Eduardo Mora-Ramos,Centro de Investigación en Ciencias. Universidad Autónoma del Estado de Morelos …
dDBPR9AAAAAJ,Vl7bKG4AAAAJ,Vram Mughnetsyan,Yerevan State University
dDBPR9AAAAAJ,B4U-xQ8AAAAJ,EL Aouami Asmae,Ph.D
dDBPR9AAAAAJ,efmeMrkAAAAJ,Aram Manaselyan,"Department of Solid State Physics, Yerevan State University"
dDBPR9AAAAAJ,Eaf-Q0kAAAAJ,Mustafa Kemal BAHAR,Sivas Cumhuriyet University
dDBPR9AAAAAJ,ZRdkr0cAAAAJ,René Rojas Cortés,"Instituto de Física, Pontificia Universidad Católica de Valparaíso"
dDBPR9AAAAAJ,kPR04JUAAAAJ,ZAILAN SIRI,UNIVERSITI MALAYA
dDBPR9AAAAAJ,t2ZORncAAAAJ,Mohd Nasir Mahmud,"MInstP, Universiti Kuala Lumpur Malaysian Institute of Chemical & Bioengineering …"
dDBPR9AAAAAJ,Y7iDtdMAAAAJ,Jason Alfredo Carlson Gallas,"Instituto de Altos Estudos da Paraíba, Joao Pessoa, Brazil"
dDBPR9AAAAAJ,9eI25jMAAAAJ,Marcel G. Clerc,"Professor of Physics, FCFM, Department of Physics, University of Chile"
dDBPR9AAAAAJ,-zgxVEUAAAAJ,Boris Malomed,Tel Aviv University
dDBPR9AAAAAJ,BJhK_mgAAAAJ,Dora Altbir,"Physics Department, Universidad de Santiago de Chile"
TpObchYAAAAJ,xOaxuCAAAAAJ,M. A. Tawfik,Professor of Biosystems Engineering and  Energy
TpObchYAAAAJ,M-Gii9sAAAAJ,S K Samdarshi,"Department of Energy Engineering, Central University of Jharkhand, Ranchi, Jharkhand(India)"
TpObchYAAAAJ,F1F0zX8AAAAJ,satish aher,Assistant Professor
TpObchYAAAAJ,5ntc1PMAAAAJ,Rodrigo Palma Behnke,Universidad de Chile
TpObchYAAAAJ,kd4pAXQAAAAJ,W. E. Abd Allah,"Agricultural Engineering Department, Faculty of Agriculture, Z agazig University, Egypt"
TpObchYAAAAJ,qFIprQIAAAAJ,Shiva Gorjian,Associate Professor at Tarbiat Modares University (TMU)
TpObchYAAAAJ,8EwEzEsAAAAJ,Basim Belgasim,"Lecturer of Mechanical Engineering, University of Benghazi"
TpObchYAAAAJ,Ba65B4oAAAAJ,Ahmed Abdel-Azeem El-Sebaii (ORCI...,"Prof. of Physics of Solar Energy, Tanta University, Egypt"
TpObchYAAAAJ,5ufWIJMAAAAJ,Abd El-Monem Mohamed khallaf,"Associate professor, Misr higher institute for engineering and technology, Mansoura, Egypt"
TpObchYAAAAJ,eUqHlFcAAAAJ,Ashmore Mawire,North-West University
TpObchYAAAAJ,EAXc_K4AAAAJ,Pramod Patil,"Pro Vice-Chancellor, Shivaji University, Kolhapur"
TpObchYAAAAJ,eJaPyJYAAAAJ,Dr. Abhishek Saxena,"Professor in Mechanical Engineering Department, School of Engineering, DBUU, Dehradun, Uttarakhand"
TpObchYAAAAJ,gginPmcAAAAJ,"Dr. Ravishankar Sathyamurthy,","Mechanical Engineering Department, King Fahd University of Petroleum and Minerals"
TpObchYAAAAJ,haPWZ5MAAAAJ,Karunesh Kant,Research Associate Mechanical Engineering- Virginia Tech
TpObchYAAAAJ,7RUWb94AAAAJ,Erdem Cuce,Recep Tayyip Erdogan University
TpObchYAAAAJ,6AYs7UMAAAAJ,Shailendra K. Shukla,"Professor, Mechanical Engineering, Indian Institute of Technology(BHU)"
TpObchYAAAAJ,eS1uYBQAAAAJ,Associate Professor Pinar Mert Cuce,Recep Tayyip Erdogan University Faculty of Engineering & Architecture
TpObchYAAAAJ,IWnTRgsAAAAJ,Swanand Kulkarni,Associate Professor SKN Sinhgad College of Engineering
6WkZ67wAAAAJ,FgrbovAAAAAJ,Alfonso Urzúa,"Escuela de Psicología, Universidad Católica del Norte"
6WkZ67wAAAAJ,wXPNgvcAAAAJ,Geraldy Sepúlveda-Páez,Degree in Psychology
6WkZ67wAAAAJ,xu1R9IcAAAAJ,Alejandra Caqueo-Urízar,Universidad de Tarapacá
6WkZ67wAAAAJ,XTQr81wAAAAJ,FRANCISCO LEAL-SOTO,"Departamento de Ciencias Sociales, Universidad de Tarapacá"
6WkZ67wAAAAJ,nYPMYwIAAAAJ,Patricio Mena-Chamorro,"Ph.D. Student, Universidad de la Frontera"
6WkZ67wAAAAJ,_vAa7xsAAAAJ,Nekane Basabe,Catedrática Psicología social UPV/EHU / Full Professor
6WkZ67wAAAAJ,GmwPnicAAAAJ,Marcos Carmona-Halty,Universidad de Tarapacá
6WkZ67wAAAAJ,8evGr0UAAAAJ,Noemí Pereda,Universitat de Barcelona
6WkZ67wAAAAJ,w2lbSmEAAAAJ,Ignacio AGUADED (0000-0002-0229-...,Editor Comunicar Journal - University of Huelva - Spain - ROR: https://ror.org/03a1kt624
6WkZ67wAAAAJ,jnGHh2YAAAAJ,Heleny Mendiz,"Dra. en Comunicación, Académica Periodismo Radiofónico y Comunicación Estratégica   UCN"
6WkZ67wAAAAJ,NdPwY4oAAAAJ,David Kavanagh,"Research Capacity Building Professor, Queensland University of Technology"
6dk_MIUAAAAJ,IryvbNcAAAAJ,ALBERTO EUGENIO DÍAZ ARAYA,
6dk_MIUAAAAJ,3nFdmAsAAAAJ,Alfonso Díaz Aguad,"Profesor de Historia, Universidad de Tarapacá"
6dk_MIUAAAAJ,gMutzEsAAAAJ,Hector Gonzalez,Universidad de Tarapacá
6dk_MIUAAAAJ,ZArsYIcAAAAJ,HORACIO TORRENT,Profesor Titular - Arquitectura - Pontificia Universidad Católica de Chile
ihvIJ2oAAAAJ,lb_Fa7AAAAAJ,Senior Prof. P G Siddheshwar,CHRIST(Deemed to be University)
ihvIJ2oAAAAJ,JMoMObMAAAAJ,Yi Zhao,"Harbin Institute of Technology (Shenzhen), China"
ihvIJ2oAAAAJ,TKDdBTkAAAAJ,David Laroze,"Professor of Physics, Universidad de Tarapacá"
ihvIJ2oAAAAJ,6BvGh0IAAAAJ,Akira Nakayama,"Shizuoka University, Department of Mechanical Engineering"
ihvIJ2oAAAAJ,v2mK050AAAAJ,Dr. Ravi Ragoju,National Institute of Technology Goa
ihvIJ2oAAAAJ,thLbP14AAAAJ,Om P Suthar,"MNIT Jaipur, India"
ihvIJ2oAAAAJ,zwDjO4MAAAAJ,Dr. G. Janardhana Reddy,"Associate Professor, Central University of Karnataka, Gulbarga"
ihvIJ2oAAAAJ,mKowK80AAAAJ,Dr. Hussain Basha,Central University of Karnataka
ihvIJ2oAAAAJ,qYdURe8AAAAJ,Dr. Shivakumar B.  N.,"Department of Mathematics, CMRIT, Bengaluru"
ihvIJ2oAAAAJ,TqGb0qoAAAAJ,Norihan Md Arifin,"Department of Mathematics, Universiti Putra Malaysia"
ihvIJ2oAAAAJ,dDBPR9AAAAAJ,Laura Milena Pérez,"Assistant Professor of Physics, Universidad de Tarapacá"
ihvIJ2oAAAAJ,s5txclQAAAAJ,Javier Vélez,"Donostia International Physics Center, San Sebastián, Spain"
ihvIJ2oAAAAJ,e1qd48sAAAAJ,K M Lakshmi,Universidad de Tarapaca
ihvIJ2oAAAAJ,SPWYTaIAAAAJ,Veena B N,"Assistant Professor, Department of Mathematics"
ihvIJ2oAAAAJ,X5NFB1MAAAAJ,Dr. Suman Shekhar,National Institute of Technology Goa
F3w8FgQAAAAJ,PiuycIUAAAAJ,Patricio Rivera Olguin,Académico
F3w8FgQAAAAJ,jEqDbOQAAAAJ,Pamela Zapata-Sepúlveda,Universidad de Tarapacá. Escuela de Psicología y Filosofía
1Z4CdjEAAAAJ,JvSfYHAAAAAJ,"James G. Pfaus, PhD",Charles University in Prague and Czech National Institute of Mental Health
1Z4CdjEAAAAJ,yJFCOUsAAAAJ,Edgar H. Vogel,Universidad de Talca
1Z4CdjEAAAAJ,s3J90FUAAAAJ,Fernando P. Ponce,Universidad de Talca
1Z4CdjEAAAAJ,qQKOGC4AAAAJ,Genaro A. Coria-Avila,"Instituto de Investigaciones Cerebrales, Universidad Veracruzana"
1Z4CdjEAAAAJ,c9LgjosAAAAJ,Andrés M. Pérez-Acosta / ORCID: 000...,Universidad del Rosario. Grupo de  Investigación: E. C. Estudios en Ciencias del Comportamiento
1Z4CdjEAAAAJ,Bb4kyNwAAAAJ,Fabian A Soto,"Associate Professor, Department of Psychology, Florida International University"
1Z4CdjEAAAAJ,bWxDHaoAAAAJ,Elisa Maseroli,"Endocrinologist and Andrologist - Sexual Medicine and Andrology Unit, Department of Experimental and"
Mn_m5kAAAAAJ,-KABYVwAAAAJ,Margarita Briceño Toledo,"Doctora en Quimica, Universidad Arturo Prat"
Mn_m5kAAAAAJ,_957t_YAAAAJ,Susana Correa Castillo,Universidad de las Américas
Mn_m5kAAAAAJ,xoykbToAAAAJ,Wendolin Suarez-Amaya,Universidad Tecnológica Metropolitana
Mn_m5kAAAAAJ,ATFF7ikAAAAJ,Francisco Ganga Contreras,Universidad de Tarapacá
Mn_m5kAAAAAJ,V7777OoAAAAJ,Alejandro Vega,Universidad Autónoma de Chile
Mn_m5kAAAAAJ,-m2Zmr4AAAAJ,Juan Gabriel Hurtado Almonacid,Profesor de Educación Física Pontificia Universidad Católica de Valparaíso
Mn_m5kAAAAAJ,M_TNFdQAAAAJ,Giselle Galaz Arancibia,"Académica del Departamento Educación Parvularia, Universidad de Atacama"
Mn_m5kAAAAAJ,d0uZVm4AAAAJ,Marcelo Hadweh Briceño,Universidad Bernardo O'Higgins
Mn_m5kAAAAAJ,N_ljCxMAAAAJ,Angelo Burgos,"Kinesiólogo, Universidad San Sebastián"
Mn_m5kAAAAAJ,6TqPG10AAAAJ,Sandra Milena Téllez Rico,Profesora Departamento de Posgrados Universidad Pedagógica Nacional
Mn_m5kAAAAAJ,oqHrv9UAAAAJ,Andrea Tamayo-Arismendi,
5mr3c-4AAAAJ,emE-TscAAAAJ,Carlos Duque,"Instituto de Física, Universidad de Antioquia"
5mr3c-4AAAAJ,Wjgm2E8AAAAJ,Miguel Eduardo Mora-Ramos,"Centro de Investigación en Ciencias. Universidad Autónoma del Estado de Morelos. Cuernavaca, México"
5mr3c-4AAAAJ,dbbuFS0AAAAJ,Alvaro Morales,"Instituto de Física, Universidad de Antioquia, Medellín, Colombia"
5mr3c-4AAAAJ,loJujioAAAAJ,Volodymyr Akimov,"Departamento de Ciencias Basicas, Universidad de Medellin"
5mr3c-4AAAAJ,TKDdBTkAAAAJ,David Laroze,"Professor of Physics, Universidad de Tarapacá"
5mr3c-4AAAAJ,yykR0CwAAAAJ,Ricardo León Restrepo Arango,Universidad EIA
5mr3c-4AAAAJ,-3R6EmMAAAAJ,Fatih Ungan,"Sivas Cumhuriyet University, Faculty of Science, Department of Physics, Sivas/Turkey"
5mr3c-4AAAAJ,x9W7ZgoAAAAJ,E. Feddi,"Group of Optoelectronic of Semiconductors and Nanomaterials, ENSAM, Mohammed V University in Rabat"
5mr3c-4AAAAJ,eas3CBoAAAAJ,J. C. Martínez-Orozco,Universidad Autónoma de Zacatecas
5mr3c-4AAAAJ,rb_86qoAAAAJ,Julian David Correa Abad,"Full Time Professor,  Universidad   de  Medellin"
5mr3c-4AAAAJ,1W3NTR0AAAAJ,Roman Demediuk,Donbass State Engineering Academy
5mr3c-4AAAAJ,EsjIMpEAAAAJ,Yuliia Tiutiunnyk,Universidad Autónoma del Estado de Morelos - UAEM
Daftso8AAAAJ,3nFdmAsAAAAJ,Alfonso Díaz Aguad,"Profesor de Historia, Universidad de Tarapacá"
Daftso8AAAAJ,BCSv68EAAAAJ,Joaquin Gairín Sallán,Universitat Autónoma de Barcelona
Daftso8AAAAJ,qUWD5MAAAAAJ,Pedro Sandoval Rubilar,Universidad del Bío-Bío
Daftso8AAAAJ,1XMB75UAAAAJ,MARJORIE TOVAR-CORREAL,Universidad de Tarapacá
Daftso8AAAAJ,uN_GDa0AAAAJ,EDUARDO ALEJANDRO VELASQUE...,"Académico, Universidad de Tarapacá"
He4a1y8AAAAJ,_GwANtMAAAAJ,Miguel Mansilla,Universidad Arturo Prat
He4a1y8AAAAJ,CVV41_kAAAAJ,Seth M. Holmes,University of California Berkeley
He4a1y8AAAAJ,a8iDmUwAAAAJ,Lauren Carruth,"Associate Professor, American University"
He4a1y8AAAAJ,0q5zr6QAAAAJ,Katharine Donato,"Donald G. Herzberg Professor of International Migration, Georgetown University"
He4a1y8AAAAJ,mZwD3q0AAAAJ,Lahra Smith,Georgetown University
He4a1y8AAAAJ,BMtsJqYAAAAJ,Michael Harvey,Professor of Public Health
He4a1y8AAAAJ,elP_b0YAAAAJ,Haroldo Dilla Alfonso,"profesor titular y director del Instituto de Estudios Internacionales, UNAP, Chile"
He4a1y8AAAAJ,sC-GIj8AAAAJ,Gonzalo Alvarez Fuentes,"Investigador, Instituto de Estudios Internacionales, Universidad Arturo Prat"
He4a1y8AAAAJ,95XWzKgAAAAJ,Cristian Ovando Santana,"Universidad de Tarapacá, Dpto. de Ciencias Sociales."
He4a1y8AAAAJ,2788zbAAAAAJ,José Berríos-Riquelme,Trabajador Social | Departamento de Ciencias Sociales. Universidad de Tarapacá
He4a1y8AAAAJ,4_OuL30AAAAJ,Sergio González Pizarro,Universidad de Tarapacá
He4a1y8AAAAJ,p86gQo0AAAAJ,Carolina Stefoni,Universidad de Tarapacá
He4a1y8AAAAJ,SkeNfL8AAAAJ,Marcela Tapia Ladino,"Profesora Titular, Directora del Doctorado en Estudios Transfronterizos del Instituto de Estudios"
He4a1y8AAAAJ,pf33MfUAAAAJ,Angel Martinez-Hernaez,Distinguished Professor & Dir. Med Anthropol Research Center - Universitat Rovira i Virgili
He4a1y8AAAAJ,JC59h3wAAAAJ,Nanette Liberona,Universidad de Tarapacá
Xs8IvCQAAAAJ,0pWjvKkAAAAJ,Jean-Christian Bernède,Université de nantes
R_hHTxsAAAAJ,vZhnWIUAAAAJ,A. Iusem,IMPA
R_hHTxsAAAAJ,e7MFzwsAAAAJ,Nicolas Hadjisavvas,"Professor emeritus, University of the Aegean, Greece"
R_hHTxsAAAAJ,pk3BvzQAAAAJ,Fabián Flores-Bazán,University of Concepcion
R_hHTxsAAAAJ,mU8eHasAAAAJ,Sorin-Mihai Grad,ENSTA Paris / Polytechnic Institute of Paris
R_hHTxsAAAAJ,ys3WcyIAAAAJ,Alireza Kabgani,"Department of Mathematics, University of Antwerp"
R_hHTxsAAAAJ,wOLg578AAAAJ,Gabriel Haeser,"Department of Applied Mathematics, University of São Paulo"
oU0ug0UAAAAJ,KeYoXgYAAAAJ,Jose-Norberto Mazón,Universidad de Alicante (Spain)
oU0ug0UAAAAJ,-uzJlGUAAAAJ,Marta Zorrilla,University of Cantabria
oU0ug0UAAAAJ,mSqZRycAAAAJ,Diego García-Saiz,University of Cantabria
oU0ug0UAAAAJ,vAjokHEAAAAJ,Dr. José Alfonso Aguilar Calderón .·.,"Facultad de Informática Mazatlán, Universidad Autónoma de Sinaloa"
oU0ug0UAAAAJ,4vWz-ZUAAAAJ,Irene Garrigós,University of Alicante
oU0ug0UAAAAJ,eKuc55wAAAAJ,Ania Cravero,"Académica Dpto. Ciencias de Computación e Informática, Centro de Estudios en Ingeniería de Software"
oU0ug0UAAAAJ,EAf-5fYAAAAJ,Devis Bianchini,"Assistant Professor, University of Brescia"
4IojqZgAAAAJ,INBSXpMAAAAJ,miguel nussbaum,Pontificia Universidad Catolica de Chile
4IojqZgAAAAJ,Q_4IcxAAAAAJ,Macarena Oteo,MA Sociology of Childhood and Children's Rights
4IojqZgAAAAJ,rx8JTZUAAAAJ,Carolina Gois Falandes,Universidade Estadual Paulista - UNESP
4IojqZgAAAAJ,ewTz8G4AAAAJ,Alan Angeluci,Universidade de São Paulo
4IojqZgAAAAJ,xpauNC8AAAAJ,Danilo Alvares,"Research Associate, MRC Biostatistics Unit, University of Cambridge"
G9u7N0gAAAAJ,vETbmasAAAAJ,corina solis,"Instituto de Física, Universidad Nacional Autónoma de México"
G9u7N0gAAAAJ,tH5wkSMAAAAJ,Ana María Soler Arechalde,PROFESOR unam
G9u7N0gAAAAJ,behAYF4AAAAJ,Guillermo Acosta Ochoa,Universidad Nacional Autónoma de México
G9u7N0gAAAAJ,Oq6xnnwAAAAJ,Carolina Andrea Belmar,Universidad de Chile
Ex0k3wcAAAAJ,GkQOPTUAAAAJ,Vasileios Argyriou,Kingston University
Ex0k3wcAAAAJ,FsE86kwAAAAJ,Prof. Sergio A Velastin FIET SMIEE,"Visiting Professor, Queen Mary University of London"
Ex0k3wcAAAAJ,73F7boAAAAAJ,Christos A. Fidas,"Associate Professor, University of Patras, Greece"
Ex0k3wcAAAAJ,TDIliDQAAAAJ,DIEGO ALBERTO ARACENA PIZARRO,Profesor Ing. MSc y Dr(c) en Computación e Informática
Ex0k3wcAAAAJ,hpCy7tgAAAAJ,Rob Dupré,Kingston University
MTVLBZgAAAAJ,LQU8XfEAAAAJ,Manuel Prieto,"Professor / Profesor Titular, Universidad de Tarapacá"
MTVLBZgAAAAJ,wAI44I0AAAAJ,Maria Christina Fragkou,"Department of Geography, Universidad de Chile"
MTVLBZgAAAAJ,eDdSQa4AAAAJ,Rodrigo Fuster,Universidad de Chile
MTVLBZgAAAAJ,tT_v9m8AAAAJ,Oliver Meseguer-Ruiz,"Associate Professor, Universidad de Tarapacá"
MTVLBZgAAAAJ,OvHuU0kAAAAJ,Ignacio Núñez-Hidalgo,Phd (c). Biological Sciences
MTVLBZgAAAAJ,IQbul0kAAAAJ,Roberto Serrano-Notivoli,"Dept. of Geography and Regional Planning, University of Zaragoza"
MTVLBZgAAAAJ,n8Q26G8AAAAJ,Matias Olea,Potificia Universidad Católica de Valparaíso
MTVLBZgAAAAJ,cl7ccZQAAAAJ,Roberto O. Chávez,"Laboratorio de Geo-información y percepción remota, Instituto de Geografía, PUCV, Chile"
MTVLBZgAAAAJ,GWOZfrIAAAAJ,José A. Lastra,Pontificia Universidad Católica de Valparaíso
MTVLBZgAAAAJ,j1uFR-gAAAAJ,Pablo Sarricolea,"Profesor Asociado. Departamento de Geografía, Universidad de Chile"
MTVLBZgAAAAJ,97AGZCAAAAAJ,Karina Yager,"Assistant Professor, Stony Brook University"
-bU9ywsAAAAJ,4POA8-sAAAAJ,Ran Liu,University of Wisconsin-Madison
-bU9ywsAAAAJ,kb-nhPoAAAAJ,Emily Hannum,University of Pennsylvania
-bU9ywsAAAAJ,jEqDbOQAAAAJ,Pamela Zapata-Sepúlveda,Universidad de Tarapacá. Escuela de Psicología y Filosofía
-bU9ywsAAAAJ,_Yf0PLcAAAAJ,Camila Jara Ibarra,Universidad Diego Portales
x2wtU-oAAAAJ,7u401DAAAAAJ,Jose Ragas,Pontificia Universidad Católica de Chile
x2wtU-oAAAAJ,yqBVxFsAAAAJ,Maria Montt Strabucchi,Pontificia Universidad Católica de Chile
x2wtU-oAAAAJ,KA3hBLoAAAAJ,Lucas Maubert,Universidad de Tarapacá
x2wtU-oAAAAJ,GKncQeQAAAAJ,Nashely Yuvitza Lizarme Villcas,Universidad Nacional Mayor de San Marcos
ZbAPeNkAAAAJ,VC_7PFEAAAAJ,"Paulina Perez Mejias, Ph.D.",Johns Hopkins University
ZbAPeNkAAAAJ,mJ373RkAAAAJ,Ana Luisa Munoz-Garcia,Pontificia Universidad Catolica de Chile
ZbAPeNkAAAAJ,52by25AAAAAJ,Kyria Finardi,Federal University of Espirito Santo / UFES
ZbAPeNkAAAAJ,comwUOgAAAAJ,Maresi Nerad,"Professor of Higher Education, University of Washington, Seattle"
b6DDNIoAAAAJ,ATFF7ikAAAAJ,Francisco Ganga Contreras,Universidad de Tarapacá
b6DDNIoAAAAJ,I61QOLIAAAAJ,Walter Sáez San Martín,Universidad de Tarapacá
b6DDNIoAAAAJ,xoykbToAAAAJ,Wendolin Suarez-Amaya,Universidad Tecnológica Metropolitana
b6DDNIoAAAAJ,FgEMtxQAAAAJ,Liliana Pedraja Rejas,Profesora Titular Universidad de Tarapaca
b6DDNIoAAAAJ,_mR2Ky8AAAAJ,carmen araneda guirriman,Universidad de Tarapacá
b6DDNIoAAAAJ,hp4_Yu0AAAAJ,Andres Bernasconi,"Facultad de Educación, Pontificia Universidad Católica de Chile"
b6DDNIoAAAAJ,OGJhUskAAAAJ,Juan Bautista abello romero,Universidad de Santiago de Chile (USACH)
b6DDNIoAAAAJ,6UaHQvYAAAAJ,Oswaldo Leyva Cordero,"Universidad Autónoma de Nuevo León, Facultad de Ciencias Políticas y Relaciones Internacionales"
b6DDNIoAAAAJ,MQzLzYwAAAAJ,"PhD, Claudio Mancilla","Universidad de Los Lagos, Departamento de Ciencias Administrativas y Económicas"
b6DDNIoAAAAJ,8yWzaaAAAAAJ,Nancy Alarcon Henríquez,Universidad de Los Lagos
b6DDNIoAAAAJ,CgsrtGgAAAAJ,Citlaly Yamileth Martínez Castañeda,"Profesora de políticas públicas, Universidad Autónoma de Sinaloa"
b6DDNIoAAAAJ,WV3YhakAAAAJ,Carlos Mauricio Salazar Botello (ORCI...,Universidad del Bío-Bío
2788zbAAAAAJ,4zS5OQkAAAAJ,Dolores Frias-Navarro (ORCID: 0000-...,Universidad de Valencia
2788zbAAAAAJ,IspRncgAAAAJ,Marcos Pascual Soler,ESIC Business & Marketing School
2788zbAAAAAJ,t6IkuyIAAAAJ,Jorge Maluenda Albornoz,"Industrial Engineering Department, Universidad de Concepción"
s-yCVGoAAAAJ,PrFcIucAAAAJ,Victor E. Olivares Faúndez,Profesor de Psicología
e1qd48sAAAAJ,lb_Fa7AAAAAJ,Senior Prof. P G Siddheshwar,CHRIST(Deemed to be University)
e1qd48sAAAAJ,TKDdBTkAAAAJ,David Laroze,"Professor of Physics, Universidad de Tarapacá"
e1qd48sAAAAJ,FsGg1ggAAAAJ,Farzad Ismail,"Professor, Universiti Sains Malaysia"
e1qd48sAAAAJ,ihvIJ2oAAAAJ,Kanchana C,"Universidad de Tarapacá, Chile"
e1qd48sAAAAJ,U58zWgkAAAAJ,S. M.  Mallikarjunaiah,"Assistant Professor, Texas A&M University-Corpus Christi"
VEYbhSkAAAAJ,rl3utNkAAAAJ,Alessandro Soares da Silva,Universidade de São Paulo
I61QOLIAAAAJ,ATFF7ikAAAAJ,Francisco Ganga Contreras,Universidad de Tarapacá
I61QOLIAAAAJ,GF_IzmgAAAAJ,Adolfo Ignacio Calderón,Professor titular  do Programa de Pós-graduação em Educação da PUC-Campinas
I61QOLIAAAAJ,OSSLHcAAAAAJ,Emilio Rodríguez Ponce,Profesor Titular - Universidad de Tarapacá (Chile)
I61QOLIAAAAJ,b6DDNIoAAAAJ,Patricio Viancos González,Universidad de Tarapacá
I61QOLIAAAAJ,zbv0SZoAAAAJ,Angel Calderon,RMIT University
I61QOLIAAAAJ,OGJhUskAAAAJ,Juan Bautista abello romero,Universidad de Santiago de Chile (USACH)
I61QOLIAAAAJ,U2zDNT8AAAAJ,Luis Araya-Castillo,"Decano, Facultad de Ingeniería y Empresa, Universidad Católica Silva Henríquez (UCSH)"
I61QOLIAAAAJ,KFblu1EAAAAJ,Julio Lopez-Nunez,Academico Universidad Tecnologica de Chile - INACAP
CnEEXs8AAAAJ,b_Dv8dkAAAAJ,Mauro Bologna,"Physics researcher, Tarapacá University"
CnEEXs8AAAAJ,5vzbj6QAAAAJ,J. C. Flores,Universidad de Tarapacá
CnEEXs8AAAAJ,zrdfFyMAAAAJ,Edmundo Lazo,"Departamento de Física, Facultad de Ciencias, Universidad de Tarapacá"
CnEEXs8AAAAJ,-xmTLPYAAAAJ,Carlos Oyarce Marambio,"Departamento de Ingeniería y Tecnologías, Universidad de Tarapacá, Iquique-Chile"
Sy_683gAAAAJ,ksTMZaAAAAAJ,Frances Hayashida,University of New Mexico
Sy_683gAAAAJ,29OZui4AAAAJ,Axel Emil Nielsen,Consejo Nacional de Investigaciones Científicas y Técnicas - Facultad de Ciencias Naturales y Museo
Sy_683gAAAAJ,N5yszYgAAAAJ,Andres Troncoso,"Department of Anthropology, Universidad de Chile"
Sy_683gAAAAJ,KjGG55AAAAAJ,Pastor Fábrega-Álvarez,"Instituto de Ciencias del Patrimonio (Incipit), Consejo Superior de Investigaciones Científicas"
Sy_683gAAAAJ,oNbvTp8AAAAJ,Cesar Parcero-Oubiña,"Instituto de Ciencias del Patrimonio (INCIPIT), Consejo Superior de Investigaciones Científicas"
Sy_683gAAAAJ,VHopjPcAAAAJ,William Gilstrap,Massachusetts Institute of Technology
Sy_683gAAAAJ,sq3GKtMAAAAJ,David Killick,Professor of Anthropology
4_OuL30AAAAJ,gZJwoscAAAAJ,Sergio gonzález Miranda,"Universidad de Tarapacá, profesor titular"
4_OuL30AAAAJ,95XWzKgAAAAJ,Cristian Ovando Santana,"Universidad de Tarapacá, Dpto. de Ciencias Sociales."
4_OuL30AAAAJ,sC-GIj8AAAAJ,Gonzalo Alvarez Fuentes,"Investigador, Instituto de Estudios Internacionales, Universidad Arturo Prat"
4_OuL30AAAAJ,JzOYngYAAAAJ,Angélica Paz Barra Pérez,"Asistente de Dirección, Investigación y Proyectos - Instituto de Estudios Internacionales  INTE - UNAP"
4_OuL30AAAAJ,He4a1y8AAAAJ,Carlos Piñones Rivera,"Universidad de Tarapacá, Chile. Departamento de Ciencias Sociales, Iquique"
Obt0vO4AAAAJ,xqN3iYoAAAAJ,Ximena Badilla-Torrico,Universidad de Tarapacá
Obt0vO4AAAAJ,FY08fJsAAAAJ,Ricardo Valdivia Pinto,Universidad de Tarapacá
Obt0vO4AAAAJ,56doXw8AAAAJ,Pablo Guicharrousse,Universidad de Tarapacá
CeXuEpYAAAAJ,0ikF-NMAAAAJ,Lidia Verónica Valdenegro Fuentes,Universidad Católica de la Santísima Concepción
CeXuEpYAAAAJ,pAWGl5IAAAAJ,Jorge Valenzuela,"Facultad de Educación, Universidad Católica del Maule"
CeXuEpYAAAAJ,1-XG8zsAAAAJ,Jorge Miranda,Profesor de Currículo Universidad católica de Temuco
CeXuEpYAAAAJ,Mn_m5kAAAAAJ,Michel  Valdés Montecinos,Académico Universidad de Tarapacá
CeXuEpYAAAAJ,RpqxmdsAAAAJ,Norman Lederman,"Oregon State University, Illinois Institute of Technology"
CeXuEpYAAAAJ,E2xIMxkAAAAJ,Judith Lederman,Professor Illim
rTgBALEAAAAJ,Obt0vO4AAAAJ,Jorge Díaz-Ramírez,Universidad de Tarapacá
rTgBALEAAAAJ,2788zbAAAAAJ,José Berríos-Riquelme,Trabajador Social | Departamento de Ciencias Sociales. Universidad de Tarapacá
rTgBALEAAAAJ,9kp_v8MAAAAJ,Pedro Luis Bracho-Fuenmayor https://...,Universidad de Tarapacá
9kp_v8MAAAAJ,KVuGa8lnhO0C,Edgar Cordova Jaimes,Universidad del Sinú Elias Bechara Zainúm
9kp_v8MAAAAJ,MY8PKlcAAAAJ,mariby boscan,"Profesora de Microeconomía I, Universidad del Zulia"
9kp_v8MAAAAJ,r6Ty4-0AAAAJ,JACQUELINE GUILLEN,Universidad Técnica de Manabí
9kp_v8MAAAAJ,rTgBALEAAAAJ,Cristobal Pulido,"profesor de Psicologia, Universidad de Tarapaca"
9kp_v8MAAAAJ,Msw8sbAAAAAJ,FLOR MARIA AVILA HERNANDEZ,Universidad Católica de Colombia
QkYexZ8AAAAJ,5B7g_9UAAAAJ,Carolina Lara Michel,IIDyPCa/CONICET/UNRN
QkYexZ8AAAAJ,ajiHSOEAAAAJ,Martin A. Nuñez,"Grupo de Ecologia de Invasiones, Dep Bio & Biochem, University of Houston/ INIBIOMA CONICET Comahue"
QkYexZ8AAAAJ,NouoMZYAAAAJ,Maria Inês Amaro,ISCTE-IUL
QkYexZ8AAAAJ,a5__7OEAAAAJ,Tamara Nair,"RSIS, NTU"
thPVgKYAAAAJ,bGjsvKEAAAAJ,Carola Flores,"Escuela de Arqueología, Universidad Austral de Chile, Puerto Montt"
xqN3iYoAAAAJ,Obt0vO4AAAAJ,Jorge Díaz-Ramírez,Universidad de Tarapacá
V_AXCYsAAAAJ,6WkZ67wAAAAJ,Rodrigo Ferrer Urbina,"Escuela de Psicología y Filosofía, Universidad de Tarapacá"
V_AXCYsAAAAJ,xu1R9IcAAAAJ,Alejandra Caqueo-Urízar,Universidad de Tarapacá
V_AXCYsAAAAJ,LRMHm2QAAAAJ,Lorena Gallardo Peralta,"Profesora e investigadora, Facultad de Trabajo Social, Universidad Complutense de Madrid"
V_AXCYsAAAAJ,XTQr81wAAAAJ,FRANCISCO LEAL-SOTO,"Departamento de Ciencias Sociales, Universidad de Tarapacá"
-xmTLPYAAAAJ,CnEEXs8AAAAJ,Kristopher Chandia,Universidad de Tarapacá
56doXw8AAAAJ,Obt0vO4AAAAJ,Jorge Díaz-Ramírez,Universidad de Tarapacá
1XMB75UAAAAJ,Daftso8AAAAJ,RAUL  BUSTOS GONZALEZ,Universidad de Tarapacá
UAnC_gwAAAAJ,1XMB75UAAAAJ,MARJORIE TOVAR-CORREAL,Universidad de Tarapacá
